{
  "id": "1996194",
  "name": "component_project",
  "font_family": "iconfont",
  "css_prefix_text": "icon-",
  "description": "",
  "glyphs": [
    {
      "icon_id": "8286522",
      "name": "框",
      "font_class": "kuang2",
      "unicode": "e676",
      "unicode_decimal": 58998
    },
    {
      "icon_id": "6297031",
      "name": "框",
      "font_class": "kuang1",
      "unicode": "e632",
      "unicode_decimal": 58930
    },
    {
      "icon_id": "7062174",
      "name": "消息",
      "font_class": "xiaoxi",
      "unicode": "e65c",
      "unicode_decimal": 58972
    },
    {
      "icon_id": "15995651",
      "name": "消息",
      "font_class": "xiaoxi1",
      "unicode": "e61a",
      "unicode_decimal": 58906
    },
    {
      "icon_id": "5650484",
      "name": "电脑",
      "font_class": "icon-test",
      "unicode": "e604",
      "unicode_decimal": 58884
    },
    {
      "icon_id": "8767303",
      "name": "手机",
      "font_class": "shouji",
      "unicode": "e615",
      "unicode_decimal": 58901
    },
    {
      "icon_id": "827650",
      "name": "评论",
      "font_class": "pinglun",
      "unicode": "e664",
      "unicode_decimal": 58980
    },
    {
      "icon_id": "1110401",
      "name": "爱心",
      "font_class": "aixin",
      "unicode": "e601",
      "unicode_decimal": 58881
    },
    {
      "icon_id": "10594760",
      "name": "表-公报_jurassic",
      "font_class": "jurassic_gongbao",
      "unicode": "e6b1",
      "unicode_decimal": 59057
    },
    {
      "icon_id": "4551252",
      "name": "加号",
      "font_class": "jiahao",
      "unicode": "e616",
      "unicode_decimal": 58902
    },
    {
      "icon_id": "6536737",
      "name": "叉号",
      "font_class": "chahao",
      "unicode": "e668",
      "unicode_decimal": 58984
    },
    {
      "icon_id": "608202",
      "name": "窗口",
      "font_class": "chuangkouwindow33",
      "unicode": "e652",
      "unicode_decimal": 58962
    },
    {
      "icon_id": "637472",
      "name": "列表",
      "font_class": "liebiao",
      "unicode": "e698",
      "unicode_decimal": 59032
    },
    {
      "icon_id": "731513",
      "name": "图片",
      "font_class": "tupian",
      "unicode": "e669",
      "unicode_decimal": 58985
    },
    {
      "icon_id": "838810",
      "name": "优惠券",
      "font_class": "youhuiquan",
      "unicode": "e624",
      "unicode_decimal": 58916
    },
    {
      "icon_id": "1026284",
      "name": "通知",
      "font_class": "tongzhi",
      "unicode": "e639",
      "unicode_decimal": 58937
    },
    {
      "icon_id": "1317776",
      "name": "砍价",
      "font_class": "kanjia",
      "unicode": "e60f",
      "unicode_decimal": 58895
    },
    {
      "icon_id": "2681697",
      "name": "秒杀",
      "font_class": "miaosha",
      "unicode": "e60a",
      "unicode_decimal": 58890
    },
    {
      "icon_id": "3893771",
      "name": "地址",
      "font_class": "dizhi",
      "unicode": "e62d",
      "unicode_decimal": 58925
    },
    {
      "icon_id": "4890377",
      "name": "分割线",
      "font_class": "fengexian",
      "unicode": "e6e5",
      "unicode_decimal": 59109
    },
    {
      "icon_id": "5640058",
      "name": "搜索",
      "font_class": "sousuo",
      "unicode": "e627",
      "unicode_decimal": 58919
    },
    {
      "icon_id": "6879353",
      "name": "视频",
      "font_class": "shipin",
      "unicode": "e60e",
      "unicode_decimal": 58894
    },
    {
      "icon_id": "7193668",
      "name": "Z-分类导航",
      "font_class": "Z-fenleidaohang",
      "unicode": "e72c",
      "unicode_decimal": 59180
    },
    {
      "icon_id": "9626948",
      "name": "图文列表",
      "font_class": "tuwenliebiao",
      "unicode": "e880",
      "unicode_decimal": 59520
    },
    {
      "icon_id": "13547745",
      "name": "轮播图",
      "font_class": "lunbotu",
      "unicode": "e64a",
      "unicode_decimal": 58954
    },
    {
      "icon_id": "14220833",
      "name": "标题模块",
      "font_class": "biaoti",
      "unicode": "e650",
      "unicode_decimal": 58960
    },
    {
      "icon_id": "14656305",
      "name": "重点广告位",
      "font_class": "zhongdianguanggaowei",
      "unicode": "e734",
      "unicode_decimal": 59188
    },
    {
      "icon_id": "15220280",
      "name": "按钮",
      "font_class": "anniu",
      "unicode": "e6d7",
      "unicode_decimal": 59095
    },
    {
      "icon_id": "15304884",
      "name": "拼团",
      "font_class": "pintuan",
      "unicode": "e63b",
      "unicode_decimal": 58939
    }
  ]
}
